"Country Abbreviation","Country","Year","Births per 1000 People","Deaths per 1000 People","population"
"JPN","Japan","1975","6.20000000000000E+00","1.70000000000000E+01","1.11940000000000E+08"
"JPN","Japan","1976","6.20000000000000E+00","1.62000000000000E+01","1.12771000000000E+08"
"JPN","Japan","1977","6.00000000000000E+00","1.54000000000000E+01","1.13863000000000E+08"
"JPN","Japan","1978","6.00000000000000E+00","1.48000000000000E+01","1.14898000000000E+08"
"JPN","Japan","1979","5.90000000000000E+00","1.41000000000000E+01","1.15870000000000E+08"
"JPN","Japan","1980","6.10000000000000E+00","1.35000000000000E+01","1.16782000000000E+08"
"JPN","Japan","1981","6.10000000000000E+00","1.30000000000000E+01","1.17648000000000E+08"
"JPN","Japan","1982","6.00000000000000E+00","1.28000000000000E+01","1.18449000000000E+08"
"JPN","Japan","1983","6.20000000000000E+00","1.27000000000000E+01","1.19259000000000E+08"
"JPN","Japan","1984","6.20000000000000E+00","1.25000000000000E+01","1.20018000000000E+08"
"JPN","Japan","1985","6.20000000000000E+00","1.19000000000000E+01","1.20754000000000E+08"
"JPN","Japan","1986","6.20000000000000E+00","1.14000000000000E+01","1.21492000000000E+08"
"JPN","Japan","1987","6.70000000000000E+00","1.11000000000000E+01","1.22091000000000E+08"
"JPN","Japan","1988","6.50000000000000E+00","1.08000000000000E+01","1.22613000000000E+08"
"JPN","Japan","1989","6.40000000000000E+00","1.02000000000000E+01","1.23116000000000E+08"
"JPN","Japan","1990","6.70000000000000E+00","1.00000000000000E+01","1.23537000000000E+08"
"JPN","Japan","1991","6.70000000000000E+00","9.90000000000000E+00","1.23921000000000E+08"
"JPN","Japan","1992","6.90000000000000E+00","9.80000000000000E+00","1.24229000000000E+08"
"JPN","Japan","1993","7.10000000000000E+00","9.60000000000000E+00","1.24536000000000E+08"
"JPN","Japan","1994","7.10000000000000E+00","1.00000000000000E+01","1.24961000000000E+08"
"JPN","Japan","1995","7.41000000000000E+00","9.54000000000000E+00","1.25439000000000E+08"
"JPN","Japan","1996","7.10000000000000E+00","9.60000000000000E+00","1.25761000000000E+08"
"JPN","Japan","1997","7.30000000000000E+00","9.50000000000000E+00","1.26091000000000E+08"
"JPN","Japan","1998","7.50000000000000E+00","9.60000000000000E+00","1.26410000000000E+08"
"JPN","Japan","1999","7.80000000000000E+00","9.30000000000000E+00","1.26650000000000E+08"
"JPN","Japan","2000","7.70000000000000E+00","9.40000000000000E+00","1.26870000000000E+08"
"JPN","Japan","2001","7.70000000000000E+00","9.30000000000000E+00","1.27149000000000E+08"
"JPN","Japan","2002","8.10000000000000E+00","9.30000000000000E+00","1.27445000000000E+08"
"JPN","Japan","2003","8.40000000000000E+00","9.20000000000000E+00","1.27718000000000E+08"
"JPN","Japan","2004","8.05085979508934E+00","8.69360456470183E+00","1.27761000000000E+08"
"JPN","Japan","2005","8.53075375861880E+00","8.41329221907430E+00","1.27773000000000E+08"
"JPN","Japan","2006","8.53000000000000E+00","8.65000000000000E+00","1.27756000000000E+08"
"JPN","Japan","2007","8.71000000000000E+00","8.63000000000000E+00","1.27770750000000E+08"
"JPN","Japan","2008","9.10000000000000E+00","8.70000000000000E+00","1.27704040000000E+08"
"DEU","Germany","1978","1.22000000000000E+01","1.04000000000000E+01","7.80918200000000E+07"
"DEU","Germany","1979","1.21000000000000E+01","1.05000000000000E+01","7.81263500000000E+07"
"DEU","Germany","1980","1.22000000000000E+01","1.11000000000000E+01","7.82885760000000E+07"
"DEU","Germany","1981","1.22000000000000E+01","1.10000000000000E+01","7.84079070000000E+07"
"DEU","Germany","1982","1.20000000000000E+01","1.10000000000000E+01","7.83333660000000E+07"
"DEU","Germany","1983","1.20000000000000E+01","1.06000000000000E+01","7.81282820000000E+07"
"DEU","Germany","1984","1.18000000000000E+01","1.04000000000000E+01","7.78586850000000E+07"
"DEU","Germany","1985","1.20000000000000E+01","1.05000000000000E+01","7.76848730000000E+07"
"DEU","Germany","1986","1.19000000000000E+01","1.09000000000000E+01","7.77204360000000E+07"
"DEU","Germany","1987","1.16000000000000E+01","1.12000000000000E+01","7.78399200000000E+07"
"DEU","Germany","1988","1.15000000000000E+01","1.14000000000000E+01","7.81446190000000E+07"
"DEU","Germany","1989","1.15000000000000E+01","1.12000000000000E+01","7.87512830000000E+07"
"DEU","Germany","1990","1.16000000000000E+01","1.14000000000000E+01","7.94330290000000E+07"
"DEU","Germany","1991","1.14000000000000E+01","1.04000000000000E+01","8.00138960000000E+07"
"DEU","Germany","1992","1.10000000000000E+01","1.00000000000000E+01","8.06245980000000E+07"
"DEU","Germany","1993","1.11000000000000E+01","9.80000000000000E+00","8.11563630000000E+07"
"DEU","Germany","1994","1.09000000000000E+01","9.50000000000000E+00","8.14383480000000E+07"
"DEU","Germany","1995","1.08000000000000E+01","9.40000000000000E+00","8.16780510000000E+07"
"DEU","Germany","1996","1.08000000000000E+01","9.70000000000000E+00","8.19148310000000E+07"
"DEU","Germany","1997","1.05000000000000E+01","9.90000000000000E+00","8.20347710000000E+07"
"DEU","Germany","1998","1.04000000000000E+01","9.60000000000000E+00","8.20471950000000E+07"
"DEU","Germany","1999","1.03000000000000E+01","9.40000000000000E+00","8.21002430000000E+07"
"DEU","Germany","2000","1.02000000000000E+01","9.30000000000000E+00","8.22115080000000E+07"
"DEU","Germany","2001","1.01000000000000E+01","8.90000000000000E+00","8.23499250000000E+07"
"DEU","Germany","2002","1.02000000000000E+01","8.70000000000000E+00","8.24884950000000E+07"
"DEU","Germany","2003","1.03000000000000E+01","8.60000000000000E+00","8.25341760000000E+07"
"DEU","Germany","2004","9.90000000000000E+00","8.60000000000000E+00","8.25162600000000E+07"
"DEU","Germany","2005","1.01000000000000E+01","8.30000000000000E+00","8.24694220000000E+07"
"DEU","Germany","2006","1.00000000000000E+01","8.20000000000000E+00","8.23764510000000E+07"
"DEU","Germany","2007","1.01000000000000E+01","8.30000000000000E+00","8.22663720000000E+07"
"DEU","Germany","2008","1.03000000000000E+01","8.30000000000000E+00","8.21100970000000E+07"
"SGP","Singapore","1975","5.10000000000000E+00","1.77000000000000E+01","2.26300000000000E+06"
"SGP","Singapore","1976","5.10000000000000E+00","1.87000000000000E+01","2.29300000000000E+06"
"SGP","Singapore","1977","5.10000000000000E+00","1.65000000000000E+01","2.32500000000000E+06"
"SGP","Singapore","1978","5.10000000000000E+00","1.68000000000000E+01","2.35400000000000E+06"
"SGP","Singapore","1979","5.20000000000000E+00","1.71000000000000E+01","2.38400000000000E+06"
"SGP","Singapore","1980","5.20000000000000E+00","1.71000000000000E+01","2.41400000000000E+06"
"SGP","Singapore","1981","5.30000000000000E+00","1.70000000000000E+01","2.53300000000000E+06"
"SGP","Singapore","1982","5.20000000000000E+00","1.73000000000000E+01","2.64700000000000E+06"
"SGP","Singapore","1983","5.00000000000000E+00","1.63000000000000E+01","2.68100000000000E+06"
"SGP","Singapore","1984","4.80000000000000E+00","1.65000000000000E+01","2.73200000000000E+06"
"SGP","Singapore","1985","4.90000000000000E+00","1.66000000000000E+01","2.73600000000000E+06"
"SGP","Singapore","1986","4.60000000000000E+00","1.48000000000000E+01","2.73300000000000E+06"
"SGP","Singapore","1987","4.70000000000000E+00","1.66000000000000E+01","2.77500000000000E+06"
"SGP","Singapore","1988","4.90000000000000E+00","1.98000000000000E+01","2.84600000000000E+06"
"SGP","Singapore","1989","4.90000000000000E+00","1.75000000000000E+01","2.93100000000000E+06"
"SGP","Singapore","1990","4.80000000000000E+00","1.84000000000000E+01","3.04700000000000E+06"
"SGP","Singapore","1991","4.70000000000000E+00","1.73000000000000E+01","3.13510000000000E+06"
"SGP","Singapore","1992","4.70000000000000E+00","1.70000000000000E+01","3.23070000000000E+06"
"SGP","Singapore","1993","4.60000000000000E+00","1.70000000000000E+01","3.31350000000000E+06"
"SGP","Singapore","1994","4.70000000000000E+00","1.64000000000000E+01","3.41900000000000E+06"
"SGP","Singapore","1995","4.80000000000000E+00","1.57000000000000E+01","3.52450000000000E+06"
"SGP","Singapore","1996","5.10000000000000E+00","1.60000000000000E+01","3.67070000000000E+06"
"SGP","Singapore","1997","4.10000000000000E+00","1.27000000000000E+01","3.79600000000000E+06"
"SGP","Singapore","1998","4.60000000000000E+00","1.32000000000000E+01","3.92720000000000E+06"
"SGP","Singapore","1999","4.50000000000000E+00","1.28000000000000E+01","3.95870000000000E+06"
"SGP","Singapore","2000","3.90000000000000E+00","1.18000000000000E+01","4.02790000000000E+06"
"SGP","Singapore","2001","4.40000000000000E+00","1.18000000000000E+01","4.13800000000000E+06"
"SGP","Singapore","2002","4.50000000000000E+00","1.14000000000000E+01","4.17600000000000E+06"
"SGP","Singapore","2003","4.50000000000000E+00","1.05000000000000E+01","4.11480000000000E+06"
"SGP","Singapore","2004","4.40000000000000E+00","1.03000000000000E+01","4.16670000000000E+06"
"SGP","Singapore","2005","4.40000000000000E+00","1.02000000000000E+01","4.26580000000000E+06"
"SGP","Singapore","2006","4.40000000000000E+00","1.03000000000000E+01","4.40140000000000E+06"
"SGP","Singapore","2007","4.50000000000000E+00","1.00000000000000E+01","4.58860000000000E+06"
"SGP","Singapore","2008","4.40000000000000E+00","1.02000000000000E+01","4.83940000000000E+06"
"GRC","Greece","1975","8.90000000000000E+00","1.57000000000000E+01","9.04654100000000E+06"
"GRC","Greece","1976","8.90000000000000E+00","1.60000000000000E+01","9.18815000000000E+06"
"GRC","Greece","1977","9.00000000000000E+00","1.54000000000000E+01","9.30847900000000E+06"
"GRC","Greece","1978","8.70000000000000E+00","1.55000000000000E+01","9.42995900000000E+06"
"GRC","Greece","1979","8.60000000000000E+00","1.55000000000000E+01","9.54825800000000E+06"
"GRC","Greece","1980","9.10000000000000E+00","1.54000000000000E+01","9.64250500000000E+06"
"GRC","Greece","1981","8.90000000000000E+00","1.45000000000000E+01","9.72935000000000E+06"
"GRC","Greece","1982","8.80000000000000E+00","1.40000000000000E+01","9.78951300000000E+06"
"GRC","Greece","1983","9.20000000000000E+00","1.35000000000000E+01","9.84662700000000E+06"
"GRC","Greece","1984","8.90000000000000E+00","1.27000000000000E+01","9.89580100000000E+06"
"GRC","Greece","1985","9.30000000000000E+00","1.17000000000000E+01","9.93430000000000E+06"
"GRC","Greece","1986","9.20000000000000E+00","1.13000000000000E+01","9.96721300000000E+06"
"GRC","Greece","1987","9.60000000000000E+00","1.07000000000000E+01","1.00005950000000E+07"
"GRC","Greece","1988","9.20000000000000E+00","1.07000000000000E+01","1.00369830000000E+07"
"GRC","Greece","1989","9.20000000000000E+00","1.01000000000000E+01","1.00894980000000E+07"
"GRC","Greece","1990","9.30000000000000E+00","1.01000000000000E+01","1.01569020000000E+07"
"GRC","Greece","1991","9.40000000000000E+00","1.01000000000000E+01","1.02562920000000E+07"
"GRC","Greece","1992","9.50000000000000E+00","1.01000000000000E+01","1.03698660000000E+07"
"GRC","Greece","1993","9.40000000000000E+00","9.80000000000000E+00","1.04655280000000E+07"
"GRC","Greece","1994","9.40000000000000E+00","1.00000000000000E+01","1.05530350000000E+07"
"GRC","Greece","1995","9.40000000000000E+00","9.90000000000000E+00","1.06343850000000E+07"
"GRC","Greece","1996","9.40000000000000E+00","9.60000000000000E+00","1.07091730000000E+07"
"GRC","Greece","1997","9.50000000000000E+00","9.80000000000000E+00","1.07765040000000E+07"
"GRC","Greece","1998","9.50000000000000E+00","9.40000000000000E+00","1.08348800000000E+07"
"GRC","Greece","1999","9.50000000000000E+00","9.20000000000000E+00","1.08825800000000E+07"
"GRC","Greece","2000","1.05000000000000E+01","1.17000000000000E+01","1.09174820000000E+07"
"GRC","Greece","2001","9.40000000000000E+00","9.30000000000000E+00","1.09499570000000E+07"
"GRC","Greece","2002","9.50000000000000E+00","9.40000000000000E+00","1.09875430000000E+07"
"GRC","Greece","2003","9.60000000000000E+00","9.50000000000000E+00","1.10235140000000E+07"
"GRC","Greece","2004","9.50000000000000E+00","9.60000000000000E+00","1.10617010000000E+07"
"GRC","Greece","2005","9.50000000000000E+00","9.70000000000000E+00","1.11039650000000E+07"
"GRC","Greece","2006","9.50000000000000E+00","1.00000000000000E+01","1.11484600000000E+07"
"GRC","Greece","2007","9.80000000000000E+00","1.00000000000000E+01","1.11927630000000E+07"
"GRC","Greece","2008","9.60000000000000E+00","1.05000000000000E+01","1.12370940000000E+07"
"UKR","Ukraine","1975","1.02800000000000E+01","1.53200000000000E+01","4.90159980000000E+07"
"UKR","Ukraine","1976","1.04950000000000E+01","1.52080000000000E+01","4.92669970000000E+07"
"UKR","Ukraine","1977","1.06980000000000E+01","1.51100000000000E+01","4.94842390000000E+07"
"UKR","Ukraine","1978","1.08990000000000E+01","1.50520000000000E+01","4.96774260000000E+07"
"UKR","Ukraine","1979","1.10950000000000E+01","1.50340000000000E+01","4.98604660000000E+07"
"UKR","Ukraine","1980","1.12740000000000E+01","1.50560000000000E+01","5.00435500000000E+07"
"UKR","Ukraine","1981","1.13000000000000E+01","1.46000000000000E+01","5.02210000000000E+07"
"UKR","Ukraine","1982","1.13000000000000E+01","1.48000000000000E+01","5.03840000000000E+07"
"UKR","Ukraine","1983","1.15000000000000E+01","1.60000000000000E+01","5.05640000000000E+07"
"UKR","Ukraine","1984","1.20000000000000E+01","1.56000000000000E+01","5.07540000000000E+07"
"UKR","Ukraine","1985","1.17000000000000E+01","1.51280000000000E+01","5.09170000000000E+07"
"UKR","Ukraine","1986","1.11000000000000E+01","1.55000000000000E+01","5.10970000000000E+07"
"UKR","Ukraine","1987","1.14000000000000E+01","1.48000000000000E+01","5.12930000000000E+07"
"UKR","Ukraine","1988","1.16000000000000E+01","1.44000000000000E+01","5.15210000000000E+07"
"UKR","Ukraine","1989","1.16000000000000E+01","1.33000000000000E+01","5.17730000000000E+07"
"UKR","Ukraine","1990","1.21000000000000E+01","1.27000000000000E+01","5.18920000000000E+07"
"UKR","Ukraine","1991","1.29000000000000E+01","1.21000000000000E+01","5.20004697386476E+07"
"UKR","Ukraine","1992","1.34000000000000E+01","1.14000000000000E+01","5.21502657333594E+07"
"UKR","Ukraine","1993","1.42000000000000E+01","1.07000000000000E+01","5.21792097011827E+07"
"UKR","Ukraine","1994","1.47000000000000E+01","1.00000000000000E+01","5.19210412931020E+07"
"UKR","Ukraine","1995","1.54000000000000E+01","9.60000000000000E+00","5.15122986056728E+07"
"UKR","Ukraine","1996","1.52000000000000E+01","9.10000000000000E+00","5.10571889809848E+07"
"UKR","Ukraine","1997","1.49000000000000E+01","8.70000000000000E+00","5.05941050194585E+07"
"UKR","Ukraine","1998","1.43000000000000E+01","8.30000000000000E+00","5.01439391300684E+07"
"UKR","Ukraine","1999","1.48000000000000E+01","7.80000000000000E+00","4.96733499915196E+07"
"UKR","Ukraine","2000","1.53000000000000E+01","7.80000000000000E+00","4.91758476425165E+07"
"UKR","Ukraine","2001","1.53000000000000E+01","7.70000000000000E+00","4.86838645779071E+07"
"UKR","Ukraine","2002","1.53000000000000E+01","8.70000000000000E+00","4.82025000000000E+07"
"UKR","Ukraine","2003","1.60082153475157E+01","8.54580192186427E+00","4.78129500000000E+07"
"UKR","Ukraine","2004","1.60437161233762E+01","9.00496505913394E+00","4.74516000000000E+07"
"UKR","Ukraine","2005","1.66000000000000E+01","9.00000000000000E+00","4.71051500000000E+07"
"UKR","Ukraine","2006","1.62000000000000E+01","9.80000000000000E+00","4.67877500000000E+07"
"UKR","Ukraine","2007","1.64000000000000E+01","1.02000000000000E+01","4.65093500000000E+07"
"UKR","Ukraine","2008","1.63100000000000E+01","1.10000000000000E+01","4.62582000000000E+07"
"BRA","Brazil","1978","8.95200000000000E+00","3.24140000000000E+01","1.16138507000000E+08"
"BRA","Brazil","1979","8.78700000000000E+00","3.21880000000000E+01","1.18895875000000E+08"
"BRA","Brazil","1980","8.62100000000000E+00","3.18850000000000E+01","1.21711864000000E+08"
"BRA","Brazil","1981","8.45100000000000E+00","3.14680000000000E+01","1.24588432000000E+08"
"BRA","Brazil","1982","8.28000000000000E+00","3.09300000000000E+01","1.27514673000000E+08"
"BRA","Brazil","1983","8.10800000000000E+00","3.02750000000000E+01","1.30459023000000E+08"
"BRA","Brazil","1984","7.93700000000000E+00","2.95110000000000E+01","1.33380123000000E+08"
"BRA","Brazil","1985","7.76900000000000E+00","2.86540000000000E+01","1.36246764000000E+08"
"BRA","Brazil","1986","7.60600000000000E+00","2.77280000000000E+01","1.39049440000000E+08"
"BRA","Brazil","1987","7.44900000000000E+00","2.67750000000000E+01","1.41791325000000E+08"
"BRA","Brazil","1988","7.30200000000000E+00","2.58400000000000E+01","1.44470377000000E+08"
"BRA","Brazil","1989","7.16600000000000E+00","2.49560000000000E+01","1.47088677000000E+08"
"BRA","Brazil","1990","7.04100000000000E+00","2.41630000000000E+01","1.49650206000000E+08"
"BRA","Brazil","1991","6.92900000000000E+00","2.34910000000000E+01","1.52146887000000E+08"
"BRA","Brazil","1992","6.82800000000000E+00","2.29420000000000E+01","1.54582103000000E+08"
"BRA","Brazil","1993","6.73700000000000E+00","2.25050000000000E+01","1.56985824000000E+08"
"BRA","Brazil","1994","6.65700000000000E+00","2.21710000000000E+01","1.59398558000000E+08"
"BRA","Brazil","1995","6.58800000000000E+00","2.19210000000000E+01","1.61848162000000E+08"
"BRA","Brazil","1996","6.53100000000000E+00","2.17300000000000E+01","1.64342524000000E+08"
"BRA","Brazil","1997","6.48500000000000E+00","2.15600000000000E+01","1.66869168000000E+08"
"BRA","Brazil","1998","6.45000000000000E+00","2.13730000000000E+01","1.69409713000000E+08"
"BRA","Brazil","1999","6.42400000000000E+00","2.11430000000000E+01","1.71936271000000E+08"
"BRA","Brazil","2000","6.40700000000000E+00","2.08360000000000E+01","1.74425387000000E+08"
"BRA","Brazil","2001","6.39800000000000E+00","2.04280000000000E+01","1.76877135000000E+08"
"BRA","Brazil","2002","6.39500000000000E+00","1.99260000000000E+01","1.79289227000000E+08"
"BRA","Brazil","2003","6.39600000000000E+00","1.93470000000000E+01","1.81633074000000E+08"
"BRA","Brazil","2004","6.40000000000000E+00","1.87070000000000E+01","1.83873377000000E+08"
"BRA","Brazil","2005","6.40400000000000E+00","1.80410000000000E+01","1.85986964000000E+08"
"BRA","Brazil","2006","6.40400000000000E+00","1.73890000000000E+01","1.87958211000000E+08"
"BRA","Brazil","2007","6.40000000000000E+00","1.67880000000000E+01","1.89798070000000E+08"
"BRA","Brazil","2008","6.39300000000000E+00","1.62650000000000E+01","1.91543237000000E+08"
"BRB","Barbados","1975","8.61400000000000E+00","1.90300000000000E+01","2.45646000000000E+05"
"BRB","Barbados","1976","8.61800000000000E+00","1.85900000000000E+01","2.46523000000000E+05"
"BRB","Barbados","1977","8.63500000000000E+00","1.82300000000000E+01","2.47128000000000E+05"
"BRB","Barbados","1978","8.66000000000000E+00","1.79600000000000E+01","2.47589000000000E+05"
"BRB","Barbados","1979","8.68700000000000E+00","1.77730000000000E+01","2.48101000000000E+05"
"BRB","Barbados","1980","8.70900000000000E+00","1.76490000000000E+01","2.48796000000000E+05"
"BRB","Barbados","1981","8.71700000000000E+00","1.75610000000000E+01","2.49716000000000E+05"
"BRB","Barbados","1982","8.70500000000000E+00","1.74790000000000E+01","2.50809000000000E+05"
"BRB","Barbados","1983","8.67200000000000E+00","1.73740000000000E+01","2.52017000000000E+05"
"BRB","Barbados","1984","8.61700000000000E+00","1.72350000000000E+01","2.53244000000000E+05"
"BRB","Barbados","1985","8.54400000000000E+00","1.70600000000000E+01","2.54419000000000E+05"
"BRB","Barbados","1986","8.45400000000000E+00","1.68580000000000E+01","2.55532000000000E+05"
"BRB","Barbados","1987","8.35600000000000E+00","1.66470000000000E+01","2.56602000000000E+05"
"BRB","Barbados","1988","8.26100000000000E+00","1.64370000000000E+01","2.57621000000000E+05"
"BRB","Barbados","1989","8.17600000000000E+00","1.62230000000000E+01","2.58588000000000E+05"
"BRB","Barbados","1990","8.11000000000000E+00","1.59930000000000E+01","2.59501000000000E+05"
"BRB","Barbados","1991","8.07000000000000E+00","1.57300000000000E+01","2.60351000000000E+05"
"BRB","Barbados","1992","8.05900000000000E+00","1.54190000000000E+01","2.61136000000000E+05"
"BRB","Barbados","1993","8.07500000000000E+00","1.50570000000000E+01","2.61885000000000E+05"
"BRB","Barbados","1994","8.11800000000000E+00","1.46450000000000E+01","2.62637000000000E+05"
"BRB","Barbados","1995","8.18500000000000E+00","1.41900000000000E+01","2.63416000000000E+05"
"BRB","Barbados","1996","8.27100000000000E+00","1.37000000000000E+01","2.64237000000000E+05"
"BRB","Barbados","1997","8.36700000000000E+00","1.31960000000000E+01","2.65088000000000E+05"
"BRB","Barbados","1998","8.46500000000000E+00","1.27000000000000E+01","2.65941000000000E+05"
"BRB","Barbados","1999","8.55900000000000E+00","1.22320000000000E+01","2.66758000000000E+05"
"BRB","Barbados","2000","8.64100000000000E+00","1.18150000000000E+01","2.67511000000000E+05"
"BRB","Barbados","2001","8.70800000000000E+00","1.14660000000000E+01","2.68192000000000E+05"
"BRB","Barbados","2002","8.76000000000000E+00","1.11920000000000E+01","2.68813000000000E+05"
"BRB","Barbados","2003","8.79800000000000E+00","1.09910000000000E+01","2.69389000000000E+05"
"BRB","Barbados","2004","8.82100000000000E+00","1.08620000000000E+01","2.69947000000000E+05"
"BRB","Barbados","2005","8.82700000000000E+00","1.07960000000000E+01","2.70503000000000E+05"
"BRB","Barbados","2006","8.81900000000000E+00","1.07800000000000E+01","2.71062000000000E+05"
"BRB","Barbados","2007","8.80000000000000E+00","1.07940000000000E+01","2.71618000000000E+05"
"BRB","Barbados","2008","8.77400000000000E+00","1.08190000000000E+01","2.72180000000000E+05"
"DZA","Algeria","2007","4.89000000000000E+00","2.07610000000000E+01","3.39066050000000E+07"
"DZA","Algeria","2008","4.87900000000000E+00","2.06340000000000E+01","3.44280280000000E+07"
"GRL","Greenland","1975","0","0","4.96000000000000E+04"
"GRL","Greenland","1976","0","0","4.97000000000000E+04"
"GRL","Greenland","1977","0","0","4.94000000000000E+04"
"GRL","Greenland","1978","0","0","4.92000000000000E+04"
"GRL","Greenland","1979","0","0","4.96000000000000E+04"
"GRL","Greenland","1980","0","0","5.02000000000000E+04"
"GRL","Greenland","1981","8.00000000000000E+00","2.10000000000000E+01","5.10000000000000E+04"
"GRL","Greenland","1982","0","0","5.15000000000000E+04"
"GRL","Greenland","1983","0","0","5.21000000000000E+04"
"GRL","Greenland","1984","0","0","5.27000000000000E+04"
"GRL","Greenland","1985","8.40000000000000E+00","2.16000000000000E+01","5.32000000000000E+04"
"GRL","Greenland","1986","0","0","5.35000000000000E+04"
"GRL","Greenland","1987","0","0","5.41000000000000E+04"
"GRL","Greenland","1988","0","0","5.48000000000000E+04"
"GRL","Greenland","1989","8.20000000000000E+00","2.18000000000000E+01","5.53000000000000E+04"
"GRL","Greenland","1990","8.40000000000000E+00","2.26000000000000E+01","5.56000000000000E+04"
"GRL","Greenland","1991","7.90000000000000E+00","2.14000000000000E+01","5.55000000000000E+04"
"GRL","Greenland","1992","8.00000000000000E+00","2.16000000000000E+01","5.53000000000000E+04"
"GRL","Greenland","1993","7.90000000000000E+00","2.14000000000000E+01","5.52000000000000E+04"
"GRL","Greenland","1994","7.90000000000000E+00","2.07000000000000E+01","5.55000000000000E+04"
"GRL","Greenland","1995","8.70000000000000E+00","2.01000000000000E+01","5.58000000000000E+04"
"GRL","Greenland","1996","8.00000000000000E+00","1.90000000000000E+01","5.59000000000000E+04"
"GRL","Greenland","1997","8.70000000000000E+00","1.96000000000000E+01","5.60000000000000E+04"
"GRL","Greenland","1998","8.30000000000000E+00","1.76000000000000E+01","5.61000000000000E+04"
"GRL","Greenland","1999","8.28877005347594E+00","1.68805704099822E+01","5.61000000000000E+04"
"GRL","Greenland","2000","7.50889679715302E+00","1.57473309608541E+01","5.62000000000000E+04"
"GRL","Greenland","2001","7.77284826974268E+00","1.66282165039929E+01","5.63500000000000E+04"
"GRL","Greenland","2002","7.68551236749117E+00","1.66077738515901E+01","5.66000000000000E+04"
"GRL","Greenland","2003","7.25799348189906E+00","1.57667576851933E+01","5.67650000000000E+04"
"GRL","Greenland","2004","0","0","5.69120000000000E+04"
"GRL","Greenland","2005","0","0","5.69350000000000E+04"
"GRL","Greenland","2006","7.70000000000000E+00","1.48000000000000E+01","5.67740000000000E+04"
"GRL","Greenland","2007","8.00000000000000E+00","1.51000000000000E+01","5.65550000000000E+04"
"GRL","Greenland","2008","7.60000000000000E+00","1.48000000000000E+01","5.63280000000000E+04"
"GTM","Guatemala","1975","1.28780000000000E+01","4.37380000000000E+01","6.22822400000000E+06"
"GTM","Guatemala","1976","1.26160000000000E+01","4.36320000000000E+01","6.38640300000000E+06"
"GTM","Guatemala","1977","1.23710000000000E+01","4.35120000000000E+01","6.54442200000000E+06"
"GTM","Guatemala","1978","1.21320000000000E+01","4.33670000000000E+01","6.70395500000000E+06"
"GTM","Guatemala","1979","1.18930000000000E+01","4.31880000000000E+01","6.86741300000000E+06"
"GTM","Guatemala","1980","1.16460000000000E+01","4.29550000000000E+01","7.03648400000000E+06"
"GTM","Guatemala","1981","1.13860000000000E+01","4.26470000000000E+01","7.21193800000000E+06"
"GTM","Guatemala","1982","1.11140000000000E+01","4.22650000000000E+01","7.39313100000000E+06"
"GTM","Guatemala","1983","1.08310000000000E+01","4.18170000000000E+01","7.57862500000000E+06"
"GTM","Guatemala","1984","1.05380000000000E+01","4.13220000000000E+01","7.76629100000000E+06"
"GTM","Guatemala","1985","1.02380000000000E+01","4.08130000000000E+01","7.95468200000000E+06"
"GTM","Guatemala","1986","9.93600000000000E+00","4.03320000000000E+01","8.14336500000000E+06"
"GTM","Guatemala","1987","9.63700000000000E+00","3.99110000000000E+01","8.33312400000000E+06"
"GTM","Guatemala","1988","9.34700000000000E+00","3.95680000000000E+01","8.52521100000000E+06"
"GTM","Guatemala","1989","9.06700000000000E+00","3.93070000000000E+01","8.72142900000000E+06"
"GTM","Guatemala","1990","8.79700000000000E+00","3.91140000000000E+01","8.92313100000000E+06"
"GTM","Guatemala","1991","8.53700000000000E+00","3.89620000000000E+01","9.13108800000000E+06"
"GTM","Guatemala","1992","8.28300000000000E+00","3.88110000000000E+01","9.34513000000000E+06"
"GTM","Guatemala","1993","8.03300000000000E+00","3.86300000000000E+01","9.56457100000000E+06"
"GTM","Guatemala","1994","7.78700000000000E+00","3.84080000000000E+01","9.78828400000000E+06"
"GTM","Guatemala","1995","7.54600000000000E+00","3.81430000000000E+01","1.00156750000000E+07"
"GTM","Guatemala","1996","7.30900000000000E+00","3.78480000000000E+01","1.02464290000000E+07"
"GTM","Guatemala","1997","7.07900000000000E+00","3.75410000000000E+01","1.04815150000000E+07"
"GTM","Guatemala","1998","6.85700000000000E+00","3.72350000000000E+01","1.07231540000000E+07"
"GTM","Guatemala","1999","6.64700000000000E+00","3.69300000000000E+01","1.09743140000000E+07"
"GTM","Guatemala","2000","6.45200000000000E+00","3.66140000000000E+01","1.12371010000000E+07"
"GTM","Guatemala","2001","6.27700000000000E+00","3.62720000000000E+01","1.15126370000000E+07"
"GTM","Guatemala","2002","6.12400000000000E+00","3.58920000000000E+01","1.18003510000000E+07"
"GTM","Guatemala","2003","5.99200000000000E+00","3.54700000000000E+01","1.20985760000000E+07"
"GTM","Guatemala","2004","5.88100000000000E+00","3.50100000000000E+01","1.24047640000000E+07"
"KOR","Korea, Rep.","1989","5.70000000000000E+00","1.52000000000000E+01","4.23800000000000E+07"
"KOR","Korea, Rep.","1990","5.80000000000000E+00","1.54000000000000E+01","4.28690000000000E+07"
"KOR","Korea, Rep.","1991","5.80000000000000E+00","1.66000000000000E+01","4.32680000000000E+07"
"KOR","Korea, Rep.","1992","5.60000000000000E+00","1.69000000000000E+01","4.36630000000000E+07"
"KOR","Korea, Rep.","1993","5.40000000000000E+00","1.64000000000000E+01","4.40560000000000E+07"
"KOR","Korea, Rep.","1994","5.50000000000000E+00","1.63000000000000E+01","4.44530000000000E+07"
"KOR","Korea, Rep.","1995","5.40000000000000E+00","1.60000000000000E+01","4.50930000000000E+07"
"KOR","Korea, Rep.","1996","5.30000000000000E+00","1.53000000000000E+01","4.55250000000000E+07"
"KOR","Korea, Rep.","1997","5.30000000000000E+00","1.48000000000000E+01","4.59540000000000E+07"
"KOR","Korea, Rep.","1998","5.30000000000000E+00","1.38000000000000E+01","4.62870000000000E+07"
"KOR","Korea, Rep.","1999","5.20000000000000E+00","1.32000000000000E+01","4.66170000000000E+07"
"KOR","Korea, Rep.","2000","5.20000000000000E+00","1.34000000000000E+01","4.70080000000000E+07"
"KOR","Korea, Rep.","2001","5.10000000000000E+00","1.16000000000000E+01","4.73570000000000E+07"
"KOR","Korea, Rep.","2002","5.10000000000000E+00","1.03000000000000E+01","4.76220000000000E+07"
"KOR","Korea, Rep.","2003","5.10000000000000E+00","1.02000000000000E+01","4.78590000000000E+07"
"KOR","Korea, Rep.","2004","5.10000000000000E+00","9.80000000000000E+00","4.80390000000000E+07"
"KOR","Korea, Rep.","2005","5.00000000000000E+00","8.90000000000000E+00","4.81380000000000E+07"
"KOR","Korea, Rep.","2006","5.00000000000000E+00","9.20000000000000E+00","4.82970000000000E+07"
"KOR","Korea, Rep.","2007","5.00000000000000E+00","1.00000000000000E+01","4.84560000000000E+07"
"KOR","Korea, Rep.","2008","5.00000000000000E+00","9.40000000000000E+00","4.86070000000000E+07"
"KSV","Kosovo","1975","0","0","1.36900000000000E+06"
"KSV","Kosovo","1976","0","0","1.40000000000000E+06"
"KSV","Kosovo","1977","0","0","1.43000000000000E+06"
"KSV","Kosovo","1978","0","0","1.46000000000000E+06"
"KSV","Kosovo","1979","0","0","1.49100000000000E+06"
"KSV","Kosovo","1980","0","0","1.52100000000000E+06"
"KSV","Kosovo","1981","8.19000000000000E+00","3.10000000000000E+01","1.55200000000000E+06"
"KSV","Kosovo","1982","7.82000000000000E+00","3.34100000000000E+01","1.58200000000000E+06"
"KSV","Kosovo","1983","7.62000000000000E+00","3.07600000000000E+01","1.61400000000000E+06"
"KSV","Kosovo","1984","7.47000000000000E+00","3.35400000000000E+01","1.64700000000000E+06"
"KSV","Kosovo","1985","7.37000000000000E+00","3.20500000000000E+01","1.68200000000000E+06"
"KSV","Kosovo","1986","7.20000000000000E+00","3.17500000000000E+01","1.71700000000000E+06"
"KSV","Kosovo","1987","7.10000000000000E+00","3.20600000000000E+01","1.75300000000000E+06"
"KSV","Kosovo","1988","7.00000000000000E+00","3.14300000000000E+01","1.79100000000000E+06"
"KSV","Kosovo","1989","6.85000000000000E+00","2.93800000000000E+01","1.82700000000000E+06"
"KSV","Kosovo","1990","6.73000000000000E+00","2.96400000000000E+01","1.86200000000000E+06"
"KSV","Kosovo","1991","6.62000000000000E+00","2.75400000000000E+01","1.89800000000000E+06"
"KSV","Kosovo","1992","6.40000000000000E+00","2.29900000000000E+01","1.93200000000000E+06"
"KSV","Kosovo","1993","6.23000000000000E+00","2.24600000000000E+01","1.96500000000000E+06"
"KSV","Kosovo","1994","6.16000000000000E+00","2.17600000000000E+01","1.99700000000000E+06"
"KSV","Kosovo","1995","6.13000000000000E+00","2.20700000000000E+01","2.02900000000000E+06"
"KSV","Kosovo","1996","6.12000000000000E+00","2.23600000000000E+01","2.05900000000000E+06"
"KSV","Kosovo","1997","6.08000000000000E+00","2.05700000000000E+01","2.08600000000000E+06"
"KSV","Kosovo","1998","6.13000000000000E+00","2.12300000000000E+01","1.96600000000000E+06"
"KSV","Kosovo","1999","7.23000000000000E+00","2.27100000000000E+01","1.76200000000000E+06"
"KSV","Kosovo","2000","7.03000000000000E+00","2.27600000000000E+01","1.70000000000000E+06"
"KSV","Kosovo","2001","7.05000000000000E+00","2.17400000000000E+01","1.72100000000000E+06"
"KSV","Kosovo","2002","7.08000000000000E+00","2.08000000000000E+01","1.73700000000000E+06"
"KSV","Kosovo","2003","6.98000000000000E+00","1.83100000000000E+01","1.74800000000000E+06"
"KSV","Kosovo","2004","6.95000000000000E+00","1.99500000000000E+01","1.75700000000000E+06"
"KSV","Kosovo","2005","7.02000000000000E+00","2.08900000000000E+01","1.76700000000000E+06"
"KSV","Kosovo","2006","7.01000000000000E+00","1.90900000000000E+01","1.77700000000000E+06"
"KSV","Kosovo","2007","6.99000000000000E+00","1.92500000000000E+01","1.78500000000000E+06"
"KSV","Kosovo","2008","7.02000000000000E+00","1.90100000000000E+01","1.79500000000000E+06"
"KWT","Kuwait","1975","4.68400000000000E+00","4.43760000000000E+01","1.05375300000000E+06"
"KWT","Kuwait","1976","4.48100000000000E+00","4.30930000000000E+01","1.11608300000000E+06"
"KWT","Kuwait","1977","4.28700000000000E+00","4.19210000000000E+01","1.17893000000000E+06"
"KWT","Kuwait","1978","4.10400000000000E+00","4.08940000000000E+01","1.24287200000000E+06"
"KWT","Kuwait","1979","3.93300000000000E+00","4.00030000000000E+01","1.30871800000000E+06"
"KWT","Kuwait","1980","3.77200000000000E+00","3.91680000000000E+01","1.37696300000000E+06"
"KWT","Kuwait","1981","3.62000000000000E+00","3.82610000000000E+01","1.44569900000000E+06"
"KWT","Kuwait","1982","3.47400000000000E+00","3.71520000000000E+01","1.51401300000000E+06"
"KWT","Kuwait","1983","3.33200000000000E+00","3.57600000000000E+01","1.58431000000000E+06"
"MEX","Mexico","1975","8.28500000000000E+00","3.93370000000000E+01","6.02246010000000E+07"
"MEX","Mexico","1976","7.95400000000000E+00","3.81890000000000E+01","6.19693620000000E+07"
"MEX","Mexico","1977","7.63700000000000E+00","3.70150000000000E+01","6.37233590000000E+07"
"MEX","Mexico","1978","7.34200000000000E+00","3.58730000000000E+01","6.54614710000000E+07"
"MEX","Mexico","1979","7.07500000000000E+00","3.48030000000000E+01","6.71525550000000E+07"
"MEX","Mexico","1980","6.83900000000000E+00","3.38330000000000E+01","6.87764110000000E+07"
"MEX","Mexico","1981","6.63300000000000E+00","3.29740000000000E+01","7.03183860000000E+07"
"MEX","Mexico","1982","6.44900000000000E+00","3.22080000000000E+01","7.17887660000000E+07"
"MEX","Mexico","1983","6.28400000000000E+00","3.15160000000000E+01","7.32233360000000E+07"
"MEX","Mexico","1984","6.13400000000000E+00","3.08950000000000E+01","7.46732960000000E+07"
"MEX","Mexico","1985","5.99600000000000E+00","3.03450000000000E+01","7.61751540000000E+07"
"MEX","Mexico","1986","5.86900000000000E+00","2.98640000000000E+01","7.77411100000000E+07"
"MEX","Mexico","1987","5.75100000000000E+00","2.94380000000000E+01","7.93587800000000E+07"
"MEX","Mexico","1988","5.64100000000000E+00","2.90480000000000E+01","8.10100930000000E+07"
"MEX","Mexico","1989","5.53700000000000E+00","2.86720000000000E+01","8.26664570000000E+07"
"MEX","Mexico","1990","5.43700000000000E+00","2.82750000000000E+01","8.43066020000000E+07"
"MEX","Mexico","1991","5.33700000000000E+00","2.78190000000000E+01","8.59237990000000E+07"
"MEX","Mexico","1992","5.23800000000000E+00","2.72890000000000E+01","8.75233280000000E+07"
"MEX","Mexico","1993","5.14100000000000E+00","2.66870000000000E+01","8.91097030000000E+07"
"MEX","Mexico","1994","5.04700000000000E+00","2.60240000000000E+01","9.06913310000000E+07"
"MEX","Mexico","1995","4.96000000000000E+00","2.53350000000000E+01","9.22727490000000E+07"
"MEX","Mexico","1996","4.88400000000000E+00","2.46690000000000E+01","9.38583730000000E+07"
"MEX","Mexico","1997","4.82300000000000E+00","2.40700000000000E+01","9.54413450000000E+07"
"MEX","Mexico","1998","4.77700000000000E+00","2.35690000000000E+01","9.70019330000000E+07"
"MEX","Mexico","1999","4.74600000000000E+00","2.31700000000000E+01","9.85136900000000E+07"
"MEX","Mexico","2000","4.72800000000000E+00","2.28640000000000E+01","9.99595940000000E+07"
"MEX","Mexico","2001","4.71900000000000E+00","2.26230000000000E+01","1.01329543000000E+08"
"MEX","Mexico","2002","4.71600000000000E+00","2.24010000000000E+01","1.02634153000000E+08"
"MEX","Mexico","2003","4.71300000000000E+00","2.21610000000000E+01","1.03902569000000E+08"
"MEX","Mexico","2004","4.71000000000000E+00","2.18880000000000E+01","1.05175967000000E+08"
"MEX","Mexico","2005","4.70600000000000E+00","2.15680000000000E+01","1.06483757000000E+08"
"MEX","Mexico","2006","4.70100000000000E+00","2.12020000000000E+01","1.07835259000000E+08"
"MEX","Mexico","2007","4.69800000000000E+00","2.08060000000000E+01","1.09220753000000E+08"
"MEX","Mexico","2008","4.69900000000000E+00","2.03940000000000E+01","1.10627158000000E+08"
"USA","United States","1975","8.80000000000000E+00","1.46000000000000E+01","2.15973000000000E+08"
"USA","United States","1976","8.80000000000000E+00","1.46000000000000E+01","2.18035000000000E+08"
"USA","United States","1977","8.60000000000000E+00","1.51000000000000E+01","2.20239000000000E+08"
"USA","United States","1978","8.70000000000000E+00","1.50000000000000E+01","2.22585000000000E+08"
"USA","United States","1979","8.50000000000000E+00","1.56000000000000E+01","2.25055000000000E+08"
"USA","United States","1980","8.80000000000000E+00","1.59000000000000E+01","2.27225000000000E+08"
"USA","United States","1981","8.60000000000000E+00","1.57000000000000E+01","2.29466000000000E+08"
"USA","United States","1982","8.50000000000000E+00","1.59000000000000E+01","2.31664000000000E+08"
"USA","United States","1983","8.60000000000000E+00","1.55000000000000E+01","2.33792000000000E+08"
"USA","United States","1984","8.70000000000000E+00","1.57000000000000E+01","2.35825000000000E+08"
"USA","United States","1985","8.70000000000000E+00","1.57000000000000E+01","2.37924000000000E+08"
"USA","United States","1986","8.70000000000000E+00","1.55000000000000E+01","2.40133000000000E+08"
"USA","United States","1987","8.60000000000000E+00","1.55000000000000E+01","2.42289000000000E+08"
"USA","United States","1988","8.90000000000000E+00","1.59000000000000E+01","2.44499000000000E+08"
"USA","United States","1989","8.80000000000000E+00","1.62000000000000E+01","2.46819000000000E+08"
"USA","United States","1990","8.60000000000000E+00","1.67000000000000E+01","2.49623000000000E+08"
"USA","United States","1991","8.60000000000000E+00","1.63000000000000E+01","2.52981000000000E+08"
"USA","United States","1992","8.50000000000000E+00","1.59000000000000E+01","2.56514000000000E+08"
"USA","United States","1993","8.80000000000000E+00","1.55000000000000E+01","2.59919000000000E+08"
"USA","United States","1994","8.80000000000000E+00","1.52000000000000E+01","2.63126000000000E+08"
"USA","United States","1995","8.80000000000000E+00","1.48000000000000E+01","2.66278000000000E+08"
"USA","United States","1996","8.80000000000000E+00","1.48000000000000E+01","2.69394000000000E+08"
"USA","United States","1997","8.70000000000000E+00","1.46000000000000E+01","2.72657000000000E+08"
"USA","United States","1998","8.60000000000000E+00","1.46000000000000E+01","2.75854000000000E+08"
"USA","United States","1999","8.64000000000000E+00","1.45000000000000E+01","2.79040000000000E+08"
"USA","United States","2000","8.70000000000000E+00","1.47000000000000E+01","2.82162411000000E+08"
"USA","United States","2001","8.50000000000000E+00","1.41000000000000E+01","2.84968955000000E+08"
"USA","United States","2002","8.50000000000000E+00","1.39000000000000E+01","2.87625193000000E+08"
"USA","United States","2003","8.44000000000000E+00","1.41400000000000E+01","2.90107933000000E+08"
"USA","United States","2004","8.34000000000000E+00","1.41300000000000E+01","2.92805298000000E+08"
"USA","United States","2005","8.26000000000000E+00","1.40000000000000E+01","2.95516599000000E+08"
"USA","United States","2006","8.10000000000000E+00","1.43000000000000E+01","2.98379912000000E+08"
"USA","United States","2007","8.00000000000000E+00","1.43000000000000E+01","3.01231207000000E+08"
"USA","United States","2008","8.20000000000000E+00","1.43009584523769E+01","3.04093966000000E+08"
"AFG","Afghanistan","1975","2.66710000000000E+01","5.17590000000000E+01","1.35055440000000E+07"
"AFG","Afghanistan","1976","2.62160000000000E+01","5.16570000000000E+01","1.38473304725807E+07"
"AFG","Afghanistan","1977","2.57910000000000E+01","5.15840000000000E+01","1.41977665777004E+07"
"AFG","Afghanistan","1978","2.54020000000000E+01","5.15450000000000E+01","1.45570712126797E+07"
"AFG","Afghanistan","1979","2.50490000000000E+01","5.15420000000000E+01","1.49254688145007E+07"
"AFG","Afghanistan","1980","2.47290000000000E+01","5.15730000000000E+01","1.53031895000000E+07"
"AFG","Afghanistan","1981","2.44370000000000E+01","5.16320000000000E+01","1.56578682919011E+07"
"AFG","Afghanistan","1982","2.41620000000000E+01","5.17080000000000E+01","1.60207673992747E+07"
"AFG","Afghanistan","1983","2.38940000000000E+01","5.17930000000000E+01","1.63920773426367E+07"
"AFG","Afghanistan","1984","2.36290000000000E+01","5.18810000000000E+01","1.67719930581571E+07"
"AFG","Afghanistan","1985","2.33640000000000E+01","5.19700000000000E+01","1.71607140000000E+07"
"AFG","Afghanistan","1986","2.30980000000000E+01","5.20610000000000E+01","1.75181072155884E+07"
"AFG","Afghanistan","1987","2.28340000000000E+01","5.21560000000000E+01","1.78829435894597E+07"
"AFG","Afghanistan","1988","2.25740000000000E+01","5.22540000000000E+01","1.82553781346438E+07"
"AFG","Afghanistan","1989","2.23170000000000E+01","5.23500000000000E+01","1.86355690925097E+07"
"AFG","Afghanistan","1990","2.20620000000000E+01","5.24490000000000E+01","1.90236780000000E+07"
"AFG","Afghanistan","1991","2.18120000000000E+01","5.25590000000000E+01","1.96688102867046E+07"
"AFG","Afghanistan","1992","2.15650000000000E+01","5.26750000000000E+01","2.03358203442245E+07"
"AFG","Afghanistan","1993","2.13200000000000E+01","5.27810000000000E+01","2.10254500930397E+07"
"AFG","Afghanistan","1994","2.10720000000000E+01","5.28510000000000E+01","2.17384666136892E+07"
"AFG","Afghanistan","1995","2.08150000000000E+01","5.28440000000000E+01","2.24756630000000E+07"
"AFG","Afghanistan","1996","2.05420000000000E+01","5.27090000000000E+01","2.31313090617483E+07"
"AFG","Afghanistan","1997","2.02490000000000E+01","5.24210000000000E+01","2.38060812226148E+07"
"AFG","Afghanistan","1998","1.99350000000000E+01","5.19730000000000E+01","2.45005374172672E+07"
"AFG","Afghanistan","1999","1.96010000000000E+01","5.13730000000000E+01","2.52152518560959E+07"
"AFG","Afghanistan","2000","1.92550000000000E+01","5.06470000000000E+01","2.59508155000000E+07"
"AFG","Afghanistan","2001","1.89030000000000E+01","4.98370000000000E+01","2.66974301936090E+07"
"AFG","Afghanistan","2002","1.85550000000000E+01","4.89980000000000E+01","2.74655252719371E+07"
"AFG","Afghanistan","2003","1.82160000000000E+01","4.81760000000000E+01","2.82557187337078E+07"
"AFG","Afghanistan","2004","1.78890000000000E+01","4.73990000000000E+01","2.90686463576999E+07"
"AFG","Afghanistan","2005","1.75700000000000E+01","4.66820000000000E+01","2.99049622142857E+07"
"AFG","Afghanistan","2006","1.72550000000000E+01","4.60240000000000E+01","3.07516614094588E+07"
"AFG","Afghanistan","2007","1.69350000000000E+01","4.54040000000000E+01","3.16223331989448E+07"
"AFG","Afghanistan","2008","1.66070000000000E+01","4.48030000000000E+01","3.25176563188065E+07"
"GBR","United Kingdom","1975","1.18000000000000E+01","1.24000000000000E+01","5.62258000000000E+07"
"GBR","United Kingdom","1976","1.21000000000000E+01","1.20000000000000E+01","5.62119680000000E+07"
"GBR","United Kingdom","1977","1.17000000000000E+01","1.17000000000000E+01","5.61934920000000E+07"
"GBR","United Kingdom","1978","1.19000000000000E+01","1.22000000000000E+01","5.61965040000000E+07"
"GBR","United Kingdom","1979","1.20000000000000E+01","1.31000000000000E+01","5.62469510000000E+07"
"GBR","United Kingdom","1980","1.17000000000000E+01","1.34000000000000E+01","5.63142160000000E+07"
"GBR","United Kingdom","1981","1.17000000000000E+01","1.30000000000000E+01","5.63338290000000E+07"
"GBR","United Kingdom","1982","1.18000000000000E+01","1.28000000000000E+01","5.63136410000000E+07"
"GBR","United Kingdom","1983","1.17000000000000E+01","1.28000000000000E+01","5.63328480000000E+07"
"GBR","United Kingdom","1984","1.14000000000000E+01","1.29000000000000E+01","5.64220720000000E+07"
"GBR","United Kingdom","1985","1.18000000000000E+01","1.33000000000000E+01","5.65502680000000E+07"
"GBR","United Kingdom","1986","1.17000000000000E+01","1.33000000000000E+01","5.66813960000000E+07"
"GBR","United Kingdom","1987","1.13000000000000E+01","1.36000000000000E+01","5.68020500000000E+07"
"GBR","United Kingdom","1988","1.13000000000000E+01","1.38000000000000E+01","5.69283270000000E+07"
"GBR","United Kingdom","1989","1.15000000000000E+01","1.36000000000000E+01","5.70767110000000E+07"
"GBR","United Kingdom","1990","1.11000000000000E+01","1.39000000000000E+01","5.72475860000000E+07"
"GBR","United Kingdom","1991","1.12000000000000E+01","1.37000000000000E+01","5.74248970000000E+07"
"GBR","United Kingdom","1992","1.10000000000000E+01","1.35000000000000E+01","5.75804020000000E+07"
"GBR","United Kingdom","1993","1.13000000000000E+01","1.31000000000000E+01","5.77186140000000E+07"
"GBR","United Kingdom","1994","1.07000000000000E+01","1.29000000000000E+01","5.78657450000000E+07"
"GBR","United Kingdom","1995","1.10000000000000E+01","1.25000000000000E+01","5.80190300000000E+07"
"SAU","Saudi Arabia","1975","1.16500000000000E+01","4.53100000000000E+01","7.34463800000000E+06"
"SAU","Saudi Arabia","1976","1.09850000000000E+01","4.49070000000000E+01","7.75607200000000E+06"
"SAU","Saudi Arabia","1977","1.03420000000000E+01","4.45300000000000E+01","8.20052300000000E+06"
"SAU","Saudi Arabia","1978","9.72800000000000E+00","4.41920000000000E+01","8.68465100000000E+06"
"SAU","Saudi Arabia","1979","9.14800000000000E+00","4.38830000000000E+01","9.21701900000000E+06"
"SAU","Saudi Arabia","1980","8.60700000000000E+00","4.35730000000000E+01","9.80147500000000E+06"
"SAU","Saudi Arabia","1981","8.10900000000000E+00","4.32180000000000E+01","1.04408520000000E+07"
"SAU","Saudi Arabia","1982","7.65100000000000E+00","4.27740000000000E+01","1.11265700000000E+07"
"SAU","Saudi Arabia","1983","7.23200000000000E+00","4.22120000000000E+01","1.18367620000000E+07"
"SAU","Saudi Arabia","1984","6.85200000000000E+00","4.15250000000000E+01","1.25420980000000E+07"
"SAU","Saudi Arabia","1985","6.50800000000000E+00","4.07160000000000E+01","1.32204790000000E+07"
"SAU","Saudi Arabia","1986","6.20000000000000E+00","3.98010000000000E+01","1.38622130000000E+07"
"SAU","Saudi Arabia","1987","5.92300000000000E+00","3.88200000000000E+01","1.44692980000000E+07"
"SAU","Saudi Arabia","1988","5.67600000000000E+00","3.78120000000000E+01","1.50457090000000E+07"
"SAU","Saudi Arabia","1989","5.45400000000000E+00","3.68030000000000E+01","1.56003140000000E+07"
"SAU","Saudi Arabia","1990","5.25900000000000E+00","3.58220000000000E+01","1.61390530000000E+07"
"SAU","Saudi Arabia","1991","5.09000000000000E+00","3.48910000000000E+01","1.66697640000000E+07"
"SAU","Saudi Arabia","1992","4.94800000000000E+00","3.40110000000000E+01","1.71890750000000E+07"
"SAU","Saudi Arabia","1993","4.83000000000000E+00","3.31780000000000E+01","1.76797200000000E+07"
"SAU","Saudi Arabia","1994","4.73200000000000E+00","3.23860000000000E+01","1.81179690000000E+07"
"SAU","Saudi Arabia","1995","4.65000000000000E+00","3.16090000000000E+01","1.84918450000000E+07"
"SAU","Saudi Arabia","1996","4.57800000000000E+00","3.08110000000000E+01","1.87864670000000E+07"
"SAU","Saudi Arabia","1997","4.51200000000000E+00","2.99660000000000E+01","1.90206390000000E+07"
"SAU","Saudi Arabia","1998","4.44800000000000E+00","2.90650000000000E+01","1.92566490000000E+07"
"SAU","Saudi Arabia","1999","4.38300000000000E+00","2.81160000000000E+01","1.95789230000000E+07"
"SAU","Saudi Arabia","2000","4.31500000000000E+00","2.71400000000000E+01","2.00452760000000E+07"
"SAU","Saudi Arabia","2001","4.24200000000000E+00","2.61720000000000E+01","2.06815760000000E+07"
"SAU","Saudi Arabia","2002","4.16900000000000E+00","2.52530000000000E+01","2.14630720000000E+07"
"SAU","Saudi Arabia","2003","4.09600000000000E+00","2.44200000000000E+01","2.23343710000000E+07"